faixa_busca,total_count,coletados,acima_do_teto,incomplete_results
stars:1001..1016,829,825,False,False
stars:1017..1032,830,831,False,False
stars:1033..1048,886,886,False,False
stars:1049..1063,853,853,False,False
stars:1064..1079,800,799,False,False
stars:1080..1094,768,768,False,False
stars:1095..1110,721,720,False,False
stars:1111..1125,693,694,False,False
stars:1126..1141,768,767,False,False
stars:1142..1157,718,718,False,False
stars:1158..1173,724,725,False,False
stars:1174..1188,645,645,False,False
stars:1189..1204,718,718,False,False
stars:1205..1219,598,600,False,False
stars:1220..1235,651,650,False,False
stars:1236..1250,589,589,False,False
stars:1251..1266,623,622,False,False
stars:1267..1282,625,626,False,False
stars:1283..1298,545,545,False,False
stars:1299..1313,534,534,False,False
stars:1314..1329,618,617,False,False
stars:1330..1344,555,556,False,False
stars:1345..1360,547,547,False,False
stars:1361..1375,548,548,False,False
stars:1376..1391,551,551,False,False
stars:1392..1407,517,516,False,False
stars:1408..1423,515,516,False,False
stars:1424..1438,524,524,False,False
stars:1439..1469,948,948,False,False
stars:1470..1500,989,987,False,False
stars:1501..1532,961,963,False,False
stars:1533..1563,862,860,False,False
stars:1564..1594,838,840,False,False
stars:1595..1625,817,817,False,False
stars:1626..1657,764,764,False,False
stars:1658..1688,772,772,False,False
stars:1689..1719,728,728,False,False
stars:1720..1750,688,688,False,False
stars:1751..1782,744,744,False,False
stars:1783..1813,700,699,False,False
stars:1814..1844,644,644,False,False
stars:1845..1875,625,626,False,False
stars:1876..1906,618,615,False,False
stars:1907..1937,553,556,False,False
stars:1938..1968,598,597,False,False
stars:1969..1999,542,542,False,False
stars:2000..2046,766,767,False,False
stars:2047..2093,741,740,False,False
stars:2094..2140,693,693,False,False
stars:2141..2187,720,720,False,False
stars:2188..2234,665,665,False,False
stars:2235..2281,652,652,False,False
stars:2282..2328,583,583,False,False
stars:2329..2374,535,534,False,False
stars:2375..2421,548,547,False,False
stars:2422..2468,590,592,False,False
stars:2469..2562,902,902,False,False
stars:2563..2656,967,967,False,False
stars:2657..2749,880,880,False,False
stars:2750..2843,845,845,False,False
stars:2844..2937,808,807,False,False
stars:2938..3031,730,731,False,False
stars:3032..3124,706,706,False,False
stars:3125..3218,665,665,False,False
stars:3219..3312,585,585,False,False
stars:3313..3406,561,561,False,False
stars:3407..3499,583,583,False,False
stars:3500..3593,549,548,False,False
stars:3594..3687,472,473,False,False
stars:3688..3874,952,952,False,False
stars:3875..4062,868,868,False,False
stars:4063..4249,758,757,False,False
stars:4250..4437,709,710,False,False
stars:4438..4624,678,678,False,False
stars:4625..4812,576,576,False,False
stars:4813..4999,548,547,False,False
stars:5000..5312,887,888,False,False
stars:5313..5624,706,706,False,False
stars:5625..5937,647,647,False,False
stars:5938..6249,615,615,False,False
stars:6250..6562,547,546,False,False
stars:6563..6874,470,471,False,False
stars:6875..7499,870,869,False,False
stars:7500..8124,722,722,False,False
stars:8125..8749,592,593,False,False
stars:8750..9374,539,539,False,False
stars:9375..9999,465,465,False,False
stars:10000..11249,774,774,False,False
stars:11250..12499,571,571,False,False
stars:12500..14999,917,916,False,False
stars:15000..17499,618,619,False,False
stars:17500..19999,449,449,False,False
stars:20000..24999,615,615,False,False
stars:25000..29999,442,442,False,False
stars:30000..49999,731,731,False,False
stars:>=50000,504,504,False,False
